Affiliations;Articles
HUAZHONG UNIVERSITY OF SCIENCE AND TECHNOLOGY;78
WUHAN UNIVERSITY;51
FUDAN UNIVERSITY;48
ZHONGNAN HOSPITAL OF WUHAN UNIVERSITY;42
SICHUAN UNIVERSITY;41
UNIVERSITY OF CALIFORNIA;39
ZHEJIANG UNIVERSITY;36
SUN YAT-SEN UNIVERSITY;32
CAPITAL MEDICAL UNIVERSITY;31
WUHAN INSTITUTE OF VIROLOGY;31
UNIVERSITY OF HONG KONG;28
ZHEJIANG UNIVERSITY SCHOOL OF MEDICINE;28
THE UNIVERSITY OF HONG KONG;27
LONDON SCHOOL OF HYGIENE AND TROPICAL MEDICINE;26
NATIONAL TAIWAN UNIVERSITY HOSPITAL;26
NATIONAL UNIVERSITY OF SINGAPORE;25
UNIVERSITY OF TORONTO;24
PEKING UNION MEDICAL COLLEGE HOSPITAL;23
UNIVERSITY COLLEGE LONDON;23
UNIVERSITY OF OXFORD;23
